id,name
1,تینا صدر
2,ceyhun velioğlu
3,ouidad van der togt
4,oda conrad
5,yves lambert
6,zdenka frost
7,علی سالاری
8,giray bademci
9,grace zhang
10,randall gonzalez
11,eden nicolas
12,elly byberg
13,meral kutlay
14,vicky mitchell
15,purificacion esteban
16,beytullah bihari
17,siegbert michalski
18,çetin balcı
19,marius sjursen
20,sebastian peña
21,mestan kunt
22,benjamin ma
23,caitlin austin
24,bonnie curtis
25,rosie nguyen
26,نيما مرادی
27,liam höpfner
28,alfonso lopez
29,olivia saari
30,alyssa armstrong
31,محمدامين رضایی
32,oscar santiago
33,jeff kelley
34,iiris keranen
35,alípio das neves
36,lohan leroux
37,maureen lowe
38,stella riviere
39,alexis roy
40,alex kennedy
41,dietlind klocke
42,rose williams
43,jeanne obrien
44,onni tuominen
45,فاطمه زهرا حسینی
46,babür dalkıran
47,victor vargas
48,milton stone
49,djordy terpstra
50,zoe bergeron
51,priscilla burton
52,cassandra rodriguez
53,jackson mccoy
54,brett byrd
55,eli clark
56,natálio rodrigues
57,philippe johnson
58,christian elliott
59,valdir moura
60,maher veldwijk
61,marilyn franklin
62,rik den uijl
63,clara thomsen
64,max digre
65,kiran wisselink
66,تینا رضایی
67,zachary webb
68,ronald mckinney
69,matthew hall
70,antoni langøy
71,carla lopez
72,oliver wood
73,kübra erberk
74,ira leis
75,sophia ross
76,afşar balaban
77,adelen eggen
78,emilio velasco
79,lene kröner
80,آوا زارعی
81,lisa hale
82,wilma ortiz
83,carmelo benitez
84,landon alexander
85,blake adams
86,maeva clark
87,محیا کریمی
88,aurora king
89,montserrat roman
90,antoine singh
91,joona moilanen
92,yasemin balaban
93,mohamed carmona
94,michael shelton
95,rosa petersen
96,vivan ward
97,izabel da rosa
98,dwight bradley
99,megan walker
100,vincent patel
